Episode,Reward,Latency_s,Energy_J,Completion_Rate,Reward_MA10,Latency_MA10,Energy_MA10,Completion_Rate_MA10
1,-10118.810681792902,0,0,1.0,-10118.810681792902,0.0,0.0,1.0
2,-9381.630062987917,0,0,1.0,-9750.22037239041,0.0,0.0,1.0
3,-12122.144329143179,0,0,1.0,-10540.861691307999,0.0,0.0,1.0
4,-10941.432514518534,0,0,1.0,-10641.004397110633,0.0,0.0,1.0
5,-11934.424413023055,0,0,1.0,-10899.688400293118,0.0,0.0,1.0
6,-11730.283551380327,0,0,1.0,-11038.12092547432,0.0,0.0,1.0
7,-11503.523809663806,0,0,1.0,-11104.607051787103,0.0,0.0,1.0
8,-10154.305348391277,0,0,1.0,-10985.819338862624,0.0,0.0,1.0
9,-12129.80943112465,0,0,1.0,-11112.929349113962,0.0,0.0,1.0
10,-10588.754567426282,0,0,1.0,-11060.511870945193,0.0,0.0,1.0
11,-8428.73433319341,0,0,1.0,-10891.504236085242,0.0,0.0,1.0
12,-5430.584803447033,0,0,1.0,-10496.399710131154,0.0,0.0,1.0
13,-7402.226191574149,0,0,1.0,-10024.407896374254,0.0,0.0,1.0
14,-6851.071156911351,0,0,1.0,-9615.371760613536,0.0,0.0,1.0
15,-5750.312262958785,0,0,1.0,-8996.960545607106,0.0,0.0,1.0
16,-4815.278077034488,0,0,1.0,-8305.459998172522,0.0,0.0,1.0
17,-3641.34604451756,0,0,1.0,-7519.242221657897,0.0,0.0,1.0
18,-5299.594682109137,0,0,1.0,-7033.7711550296835,0.0,0.0,1.0
19,-7683.668610840706,0,0,1.0,-6589.15707300129,0.0,0.0,1.0
20,-9559.621813958363,0,0,1.0,-6486.243797654499,0.0,0.0,1.0
21,-7919.218565591824,0,0,1.0,-6435.29222089434,0.0,0.0,1.0
22,-8860.388024640037,0,0,1.0,-6778.27254301364,0.0,0.0,1.0
23,-9367.697035544223,0,0,1.0,-6974.819627410648,0.0,0.0,1.0
24,-4781.094035565761,0,0,1.0,-6767.8219152760885,0.0,0.0,1.0
25,-4432.606503367385,0,0,1.0,-6636.0513393169485,0.0,0.0,1.0
26,-4735.552505884771,0,0,1.0,-6628.078782201977,0.0,0.0,1.0
27,-4025.1324016242324,0,0,1.0,-6666.457417912645,0.0,0.0,1.0
28,-3257.199798886729,0,0,1.0,-6462.2179295904025,0.0,0.0,1.0
29,-2970.5904164908407,0,0,1.0,-5990.910110155417,0.0,0.0,1.0
30,-3944.2917108993533,0,0,1.0,-5429.377099849515,0.0,0.0,1.0
31,-4578.797368871687,0,0,1.0,-5095.334980177502,0.0,0.0,1.0
32,-3724.2429492213682,0,0,1.0,-4581.720472635635,0.0,0.0,1.0
33,-2313.5216708860767,0,0,1.0,-3876.30293616982,0.0,0.0,1.0
34,-2419.904082206809,0,0,1.0,-3640.1839408339247,0.0,0.0,1.0
35,-4072.433342012113,0,0,1.0,-3604.1666246983978,0.0,0.0,1.0
36,-4848.279989294573,0,0,1.0,-3615.4393730393786,0.0,0.0,1.0
37,-4354.367787350932,0,0,1.0,-3648.362911612048,0.0,0.0,1.0
38,-2902.485385581531,0,0,1.0,-3612.891470281528,0.0,0.0,1.0
39,-5551.582426068839,0,0,1.0,-3870.9906712393285,0.0,0.0,1.0
40,-2384.9414222837777,0,0,1.0,-3715.0556423777707,0.0,0.0,1.0
41,-4783.776905220169,0,0,1.0,-3735.553596012619,0.0,0.0,1.0
42,-3766.1101225033362,0,0,1.0,-3739.740313340815,0.0,0.0,1.0
43,-2196.3383429076553,0,0,1.0,-3728.0219805429733,0.0,0.0,1.0
44,-3432.853106075841,0,0,1.0,-3829.3168829298766,0.0,0.0,1.0
45,-3073.7123465187874,0,0,1.0,-3729.444783380545,0.0,0.0,1.0
46,-5253.741550716034,0,0,1.0,-3769.9909395226905,0.0,0.0,1.0
47,-2912.577478443503,0,0,1.0,-3625.811908631947,0.0,0.0,1.0
48,-3501.169913630206,0,0,1.0,-3685.6803614368155,0.0,0.0,1.0
49,-991.9878230201543,0,0,1.0,-3229.720901131946,0.0,0.0,1.0
50,-3627.3335961375105,0,0,1.0,-3353.9601185173196,0.0,0.0,1.0
51,-402.1628383705446,0,0,1.0,-2915.798711832357,0.0,0.0,1.0
52,-4283.887042700006,0,0,1.0,-2967.5764038520238,0.0,0.0,1.0
53,-3252.0651441945424,0,0,1.0,-3073.149083980713,0.0,0.0,1.0
54,-2315.618618826743,0,0,1.0,-2961.4256352558027,0.0,0.0,1.0
55,-3149.059807307131,0,0,1.0,-2968.9603813346375,0.0,0.0,1.0
56,-1821.0324298885591,0,0,1.0,-2625.68946925189,0.0,0.0,1.0
57,-5017.1735078159,0,0,1.0,-2836.14907218913,0.0,0.0,1.0
58,-2251.123810774756,0,0,1.0,-2711.1444619035847,0.0,0.0,1.0
59,-3243.1164206836606,0,0,1.0,-2936.2573216699357,0.0,0.0,1.0
60,-1064.2972233450844,0,0,1.0,-2679.9536843906926,0.0,0.0,1.0
61,-1181.075251399818,0,0,1.0,-2757.84492569362,0.0,0.0,1.0
62,-3615.138572837471,0,0,1.0,-2690.970078707366,0.0,0.0,1.0
63,-3656.3504620857516,0,0,1.0,-2731.3986104964874,0.0,0.0,1.0
64,-6143.683309417706,0,0,1.0,-3114.205079555584,0.0,0.0,1.0
65,-4549.378774927733,0,0,1.0,-3254.236976317644,0.0,0.0,1.0
66,-2551.8828324812753,0,0,1.0,-3327.3220165769153,0.0,0.0,1.0
67,-2551.8405390066196,0,0,1.0,-3080.7887196959873,0.0,0.0,1.0
68,-3948.5905991098502,0,0,1.0,-3250.535398529497,0.0,0.0,1.0
69,-3155.0987100265415,0,0,1.0,-3241.733627463785,0.0,0.0,1.0
70,-5331.604399033104,0,0,1.0,-3668.464345032587,0.0,0.0,1.0
71,-1666.4380750927007,0,0,1.0,-3717.000627401875,0.0,0.0,1.0
72,-3881.947962313226,0,0,1.0,-3743.6815663494513,0.0,0.0,1.0
73,-2715.2258610271015,0,0,1.0,-3649.569106243586,0.0,0.0,1.0
74,-836.3822170964846,0,0,1.0,-3118.8389970114636,0.0,0.0,1.0
75,-1839.0805646363203,0,0,1.0,-2847.8091759823224,0.0,0.0,1.0
76,-2845.6676974910056,0,0,1.0,-2877.187662483295,0.0,0.0,1.0
77,-1622.0502956249038,0,0,1.0,-2784.2086381451236,0.0,0.0,1.0
78,507.3415733695938,0,0,1.0,-2338.6154208971793,0.0,0.0,1.0
79,-2549.8911233469053,0,0,1.0,-2278.094662229216,0.0,0.0,1.0
80,-4517.126535485294,0,0,1.0,-2196.646875874435,0.0,0.0,1.0
81,-2635.176609044165,0,0,1.0,-2293.5207292695814,0.0,0.0,1.0
82,-2056.4811835120995,0,0,1.0,-2110.9740513894685,0.0,0.0,1.0
83,-4802.626683142558,0,0,1.0,-2319.7141336010145,0.0,0.0,1.0
84,-3729.3297407777745,0,0,1.0,-2609.008885969143,0.0,0.0,1.0
85,-1193.6071120568988,0,0,1.0,-2544.4615407112015,0.0,0.0,1.0
86,-1956.9877070766786,0,0,1.0,-2455.5935416697685,0.0,0.0,1.0
87,-2360.431370677422,0,0,1.0,-2529.4316491750205,0.0,0.0,1.0
88,-1261.1755342223423,0,0,1.0,-2706.2833599342143,0.0,0.0,1.0
89,-618.6189049904506,0,0,1.0,-2513.156138098568,0.0,0.0,1.0
90,-462.4518779840198,0,0,1.0,-2107.688672348441,0.0,0.0,1.0
91,-1712.9485270790449,0,0,1.0,-2015.465864151929,0.0,0.0,1.0
92,-904.2415511230006,0,0,1.0,-1900.241900913019,0.0,0.0,1.0
93,-2546.5740796731443,0,0,1.0,-1674.6366405660774,0.0,0.0,1.0
94,-4868.928627197022,0,0,1.0,-1788.5965292080025,0.0,0.0,1.0
95,-377.70443570368013,0,0,1.0,-1707.0062615726806,0.0,0.0,1.0
96,-478.2943761188193,0,0,1.0,-1559.1369284768948,0.0,0.0,1.0
97,-323.86932362563647,0,0,1.0,-1355.4807237717162,0.0,0.0,1.0
98,-683.9950685075924,0,0,1.0,-1297.7626772002411,0.0,0.0,1.0
99,-660.1700909698139,0,0,1.0,-1301.9177957981776,0.0,0.0,1.0
100,-1554.2453672326558,0,0,1.0,-1411.097144723041,0.0,0.0,1.0
101,-212.89602857925993,0,0,1.0,-1261.0918948730625,0.0,0.0,1.0
102,-3351.0568551380325,0,0,1.0,-1505.7734252745659,0.0,0.0,1.0
103,-1747.077887088489,0,0,1.0,-1425.8238060161004,0.0,0.0,1.0
104,-528.0928288992123,0,0,1.0,-991.7402261863193,0.0,0.0,1.0
105,-2360.6750874777917,0,0,1.0,-1190.0372913637304,0.0,0.0,1.0
106,163.9064044777844,0,0,1.0,-1125.81721330407,0.0,0.0,1.0
107,-3272.826657538933,0,0,1.0,-1420.7129466953998,0.0,0.0,1.0
108,-2385.252055223041,0,0,1.0,-1590.8386453669448,0.0,0.0,1.0
109,-2437.331694292171,0,0,1.0,-1768.5548056991804,0.0,0.0,1.0
110,553.2902709254988,0,0,1.0,-1557.8012418833646,0.0,0.0,1.0
111,-2005.5742918238407,0,0,1.0,-1737.0690682078227,0.0,0.0,1.0
112,-114.61331904982806,0,0,1.0,-1413.4247145990025,0.0,0.0,1.0
113,185.93863797161902,0,0,1.0,-1220.1230620929914,0.0,0.0,1.0
114,661.8351181106891,0,0,1.0,-1101.1302673920013,0.0,0.0,1.0
115,-387.4676570112223,0,0,1.0,-903.8095243453447,0.0,0.0,1.0
116,-1031.795595519675,0,0,1.0,-1023.3797243450905,0.0,0.0,1.0
117,-3114.5879315924294,0,0,1.0,-1007.55585175044,0.0,0.0,1.0
118,-862.8274341673024,0,0,1.0,-855.3133896448662,0.0,0.0,1.0
119,1066.809961858597,0,0,1.0,-504.89922402978937,0.0,0.0,1.0
120,619.07355333911,0,0,1.0,-498.32089578842834,0.0,0.0,1.0
121,-392.91802314074664,0,0,1.0,-337.0552689201188,0.0,0.0,1.0
122,-1973.9121367076082,0,0,1.0,-522.9851506858969,0.0,0.0,1.0
123,1895.5615448383821,0,0,1.0,-352.0228599992205,0.0,0.0,1.0
124,-1045.848762721354,0,0,1.0,-522.7912480824249,0.0,0.0,1.0
125,-3703.6032001312797,0,0,1.0,-854.4048023944306,0.0,0.0,1.0
126,27.82862610462207,0,0,1.0,-748.4423802320009,0.0,0.0,1.0
127,1426.220326850423,0,0,1.0,-294.3615543877157,0.0,0.0,1.0
128,-99.04119826901425,0,0,1.0,-217.98293079788687,0.0,0.0,1.0
129,-1380.7732879357216,0,0,1.0,-462.74125577731877,0.0,0.0,1.0
130,-842.0578334255111,0,0,1.0,-608.854394453781,0.0,0.0,1.0
131,-835.5223216201146,0,0,1.0,-653.1148243017177,0.0,0.0,1.0
132,-305.5838862550638,0,0,1.0,-486.2819992564632,0.0,0.0,1.0
133,-110.54314034134529,0,0,1.0,-686.892467774436,0.0,0.0,1.0
134,-553.7351453207256,0,0,1.0,-637.6811060343731,0.0,0.0,1.0
135,218.97434688714253,0,0,1.0,-245.42335133253087,0.0,0.0,1.0
136,-1674.595288106178,0,0,1.0,-415.6657427536109,0.0,0.0,1.0
137,-788.9478177973001,0,0,1.0,-637.1825572183832,0.0,0.0,1.0
138,817.0846410809929,0,0,1.0,-545.5699732833825,0.0,0.0,1.0
139,423.1839195880033,0,0,1.0,-365.17425253101004,0.0,0.0,1.0
140,58.1371397867381,0,0,1.0,-275.15475520978504,0.0,0.0,1.0
141,-1536.1758382105797,0,0,1.0,-345.2201068688316,0.0,0.0,1.0
142,-367.20027426161914,0,0,1.0,-351.38174566948703,0.0,0.0,1.0
143,-256.57606312511496,0,0,1.0,-365.9850379478641,0.0,0.0,1.0
144,-154.00115825928359,0,0,1.0,-326.01163924171993,0.0,0.0,1.0
145,874.6136022859184,0,0,1.0,-260.44771370184236,0.0,0.0,1.0
146,276.1542484641626,0,0,1.0,-65.37276004480822,0.0,0.0,1.0
147,-533.6146182454021,0,0,1.0,-39.83944008961843,0.0,0.0,1.0
148,-1322.9535803019821,0,0,1.0,-253.84326222791591,0.0,0.0,1.0
149,557.1537121364426,0,0,1.0,-240.446282973072,0.0,0.0,1.0
150,1627.5372838539852,0,0,1.0,-83.5062685663473,0.0,0.0,1.0
151,-4418.584508393104,0,0,1.0,-371.74713558459973,0.0,0.0,1.0
152,327.9480089855936,0,0,1.0,-302.23230725987844,0.0,0.0,1.0
153,300.1075406898646,0,0,1.0,-246.5639468783805,0.0,0.0,1.0
154,-766.0519833077948,0,0,1.0,-307.76902938323167,0.0,0.0,1.0
155,-1292.9624279175973,0,0,1.0,-524.5266324035832,0.0,0.0,1.0
156,-125.37237860755448,0,0,1.0,-564.6792951107548,0.0,0.0,1.0
157,1197.225641597865,0,0,1.0,-391.5952691264282,0.0,0.0,1.0
158,-409.24078981514606,0,0,1.0,-300.2239900777446,0.0,0.0,1.0
159,-1314.863590602544,0,0,1.0,-487.42572035164324,0.0,0.0,1.0
160,-3778.8831415735262,0,0,1.0,-1028.0677628943945,0.0,0.0,1.0
161,-1974.0594840077067,0,0,1.0,-783.6152604558547,0.0,0.0,1.0
162,-2505.32071901267,0,0,1.0,-1066.942133255681,0.0,0.0,1.0
163,-2598.1106836497515,0,0,1.0,-1356.7639556896427,0.0,0.0,1.0
164,-1863.7078893685082,0,0,1.0,-1466.529546295714,0.0,0.0,1.0
165,1081.6199607458636,0,0,1.0,-1229.071307429368,0.0,0.0,1.0
166,-1054.4371505086328,0,0,1.0,-1321.9777846194756,0.0,0.0,1.0
167,-2465.631748088965,0,0,1.0,-1688.263523588159,0.0,0.0,1.0
168,-1875.5624734854614,0,0,1.0,-1834.8956919551904,0.0,0.0,1.0
169,-2243.0889763005625,0,0,1.0,-1927.7182305249921,0.0,0.0,1.0
170,1486.783353123816,0,0,1.0,-1401.1515810552578,0.0,0.0,1.0
171,-718.9273613401409,0,0,1.0,-1275.6383687885013,0.0,0.0,1.0
172,372.7118052220808,0,0,1.0,-987.8351163650261,0.0,0.0,1.0
173,-2809.1861703850254,0,0,1.0,-1008.9426650385536,0.0,0.0,1.0
174,327.59483436368373,0,0,1.0,-789.8123926653344,0.0,0.0,1.0
175,-943.4089344804557,0,0,1.0,-992.3152821879663,0.0,0.0,1.0
176,-1735.979447056751,0,0,1.0,-1060.4695118427783,0.0,0.0,1.0
177,-1344.5876470753974,0,0,1.0,-948.3651017414213,0.0,0.0,1.0
178,516.1735386481503,0,0,1.0,-709.1915005280601,0.0,0.0,1.0
179,-987.7072926120109,0,0,1.0,-583.6533321592051,0.0,0.0,1.0
180,-1534.9244423229768,0,0,1.0,-885.8241117038845,0.0,0.0,1.0
181,-1112.938513886653,0,0,1.0,-925.2252269585355,0.0,0.0,1.0
182,-2468.857778672001,0,0,1.0,-1209.3821853479435,0.0,0.0,1.0
183,-2171.74598078294,0,0,1.0,-1145.6381663877353,0.0,0.0,1.0
184,-929.1790917065116,0,0,1.0,-1271.3155589947548,0.0,0.0,1.0
185,-764.2665184918301,0,0,1.0,-1253.4013173958924,0.0,0.0,1.0
186,289.68018229601563,0,0,1.0,-1050.8353544606155,0.0,0.0,1.0
187,-585.2467858458011,0,0,1.0,-974.9012683376559,0.0,0.0,1.0
188,-180.4362306764642,0,0,1.0,-1044.5622452701173,0.0,0.0,1.0
189,-2636.3944575654978,0,0,1.0,-1209.430961765466,0.0,0.0,1.0
190,-225.2148349334992,0,0,1.0,-1078.4600010265183,0.0,0.0,1.0
191,-3448.628037184315,0,0,1.0,-1312.0289533562843,0.0,0.0,1.0
192,187.24173160444116,0,0,1.0,-1046.4190023286403,0.0,0.0,1.0
193,-785.3886952054735,0,0,1.0,-907.7832737708935,0.0,0.0,1.0
194,-3493.6536797562003,0,0,1.0,-1164.2307325758625,0.0,0.0,1.0
195,1489.7684567807785,0,0,1.0,-938.8272350486016,0.0,0.0,1.0
196,772.0344378904742,0,0,1.0,-890.5918094891558,0.0,0.0,1.0
197,1157.670901443513,0,0,1.0,-716.3000407602243,0.0,0.0,1.0
198,-4693.1988673244105,0,0,1.0,-1167.576304425019,0.0,0.0,1.0
199,-878.0940955040709,0,0,1.0,-991.7462682188764,0.0,0.0,1.0
200,336.0058958022017,0,0,1.0,-935.6241951453063,0.0,0.0,1.0
201,-2684.535819166379,0,0,1.0,-859.2149733435126,0.0,0.0,1.0
202,-1763.3303714168912,0,0,1.0,-1054.2721836456458,0.0,0.0,1.0
203,908.0985508773454,0,0,1.0,-884.9234590373638,0.0,0.0,1.0
204,-182.8414442300362,0,0,1.0,-553.8422354847476,0.0,0.0,1.0
205,-1235.5827944676325,0,0,1.0,-826.3773606095885,0.0,0.0,1.0
206,-1061.3511311012444,0,0,1.0,-1009.7159175087605,0.0,0.0,1.0
207,-1367.4808386010725,0,0,1.0,-1262.2310915132189,0.0,0.0,1.0
208,-2064.6785741256003,0,0,1.0,-999.379062193338,0.0,0.0,1.0
209,-318.3900490373932,0,0,1.0,-943.4086575466702,0.0,0.0,1.0
210,-3808.746391995393,0,0,1.0,-1357.8838863264298,0.0,0.0,1.0
211,-136.554790293897,0,0,1.0,-1103.0857834391816,0.0,0.0,1.0
212,-2197.0245874030115,0,0,1.0,-1146.4552050377936,0.0,0.0,1.0
213,-1275.4612713754182,0,0,1.0,-1364.8111872630698,0.0,0.0,1.0
214,-997.8449780926177,0,0,1.0,-1446.311540649328,0.0,0.0,1.0
215,-1137.3865740873964,0,0,1.0,-1436.4919186113045,0.0,0.0,1.0
216,-1211.3979573595218,0,0,1.0,-1451.4966012371322,0.0,0.0,1.0
217,-1312.960382280438,0,0,1.0,-1446.0445556050688,0.0,0.0,1.0
218,-361.57950483128775,0,0,1.0,-1275.7346486756376,0.0,0.0,1.0
219,-377.0913538298874,0,0,1.0,-1281.6047791548872,0.0,0.0,1.0
220,-1691.8679564902407,0,0,1.0,-1069.9169356043717,0.0,0.0,1.0
221,35.860069534985314,0,0,1.0,-1052.6754496214835,0.0,0.0,1.0
222,-1103.028814360973,0,0,1.0,-943.2758723172795,0.0,0.0,1.0
223,-305.34223740817777,0,0,1.0,-846.2639689205556,0.0,0.0,1.0
224,-399.85728691844645,0,0,1.0,-786.4651998031384,0.0,0.0,1.0
225,-4251.789868909278,0,0,1.0,-1097.9055292853266,0.0,0.0,1.0
226,-1381.075208219861,0,0,1.0,-1114.8732543713604,0.0,0.0,1.0
227,148.78191340310659,0,0,1.0,-968.6990248030058,0.0,0.0,1.0
228,-1775.8184176642599,0,0,1.0,-1110.1229160863033,0.0,0.0,1.0
229,-584.097158665175,0,0,1.0,-1130.823496569832,0.0,0.0,1.0
230,-632.3332469637974,0,0,1.0,-1024.8700256171878,0.0,0.0,1.0
231,-448.60804824313055,0,0,1.0,-1073.316837394999,0.0,0.0,1.0
232,1044.3709231416306,0,0,1.0,-858.5768636447389,0.0,0.0,1.0
233,-1844.506243922523,0,0,1.0,-1012.4932642961736,0.0,0.0,1.0
234,-2794.830638604734,0,0,1.0,-1251.9905994648022,0.0,0.0,1.0
235,-829.4833989393867,0,0,1.0,-909.7599524678129,0.0,0.0,1.0
236,657.4074649645465,0,0,1.0,-705.9116851493724,0.0,0.0,1.0
237,1426.080319657072,0,0,1.0,-578.1818445239758,0.0,0.0,1.0
238,1474.343084021044,0,0,1.0,-253.16569435544534,0.0,0.0,1.0
239,849.4838750664339,0,0,1.0,-109.80759098228445,0.0,0.0,1.0
240,-882.5801020809023,0,0,1.0,-134.83227649399495,0.0,0.0,1.0
241,-1013.6257330943861,0,0,1.0,-191.3340449791205,0.0,0.0,1.0
242,-1889.5922972920184,0,0,1.0,-484.7303670224854,0.0,0.0,1.0
243,-1317.3799249923577,0,0,1.0,-432.0177351294689,0.0,0.0,1.0
244,-1932.934735764083,0,0,1.0,-345.8281448454037,0.0,0.0,1.0
245,-2510.0156250137434,0,0,1.0,-513.8813674528394,0.0,0.0,1.0
246,-2948.7565819543256,0,0,1.0,-874.4977721447265,0.0,0.0,1.0
247,-1522.4006877367488,0,0,1.0,-1169.3458728841085,0.0,0.0,1.0
248,-2189.5771928315557,0,0,1.0,-1535.7379005693685,0.0,0.0,1.0
249,-1646.6617993722589,0,0,1.0,-1785.3524680132382,0.0,0.0,1.0
250,-1551.48384613081,0,0,1.0,-1852.2428424182285,0.0,0.0,1.0
251,-1774.4741413974011,0,0,1.0,-1928.3276832485303,0.0,0.0,1.0
252,-1780.3406915132869,0,0,1.0,-1917.402522670657,0.0,0.0,1.0
253,-1653.8494699651421,0,0,1.0,-1951.0494771679355,0.0,0.0,1.0
254,-70.74803567877386,0,0,1.0,-1764.830807159405,0.0,0.0,1.0
255,1300.1434075563827,0,0,1.0,-1383.8149039023922,0.0,0.0,1.0
256,824.0717381902166,0,0,1.0,-1006.5320718879378,0.0,0.0,1.0
257,1384.5128725731452,0,0,1.0,-715.8407158569486,0.0,0.0,1.0
258,1540.4050700425375,0,0,1.0,-342.84248956953905,0.0,0.0,1.0
259,1661.8506006819719,0,0,1.0,-11.991249564116014,0.0,0.0,1.0
260,674.4090060288609,0,0,1.0,210.59803565185092,0.0,0.0,1.0
261,1685.3329483491752,0,0,1.0,556.5787446265088,0.0,0.0,1.0
262,1554.9482893804181,0,0,1.0,890.1076427158793,0.0,0.0,1.0
263,1655.9999013068607,0,0,1.0,1221.0925798430794,0.0,0.0,1.0
264,1725.992608017424,0,0,1.0,1400.7666442126992,0.0,0.0,1.0
265,751.1891337410933,0,0,1.0,1345.8712168311702,0.0,0.0,1.0
266,1447.098547728981,0,0,1.0,1408.1738977850468,0.0,0.0,1.0
267,761.985946776196,0,0,1.0,1345.921205205352,0.0,0.0,1.0
268,1613.4466037318325,0,0,1.0,1353.2253585742815,0.0,0.0,1.0
269,951.702303976878,0,0,1.0,1282.2105289037718,0.0,0.0,1.0
270,77.88101077743457,0,0,1.0,1222.5577293786293,0.0,0.0,1.0
271,1752.154142615646,0,0,1.0,1229.2398488052763,0.0,0.0,1.0
272,705.2348537560816,0,0,1.0,1144.2685052428428,0.0,0.0,1.0
273,575.5730267610941,0,0,1.0,1036.225817788266,0.0,0.0,1.0
274,-156.75500911304664,0,0,1.0,847.951056075219,0.0,0.0,1.0
275,1598.871270603116,0,0,1.0,932.7192697614213,0.0,0.0,1.0
276,1315.8025165645888,0,0,1.0,919.589666644982,0.0,0.0,1.0
277,1132.6918642837518,0,0,1.0,956.6602583957377,0.0,0.0,1.0
278,1083.21064110344,0,0,1.0,903.6366621328983,0.0,0.0,1.0
279,236.6051866333965,0,0,1.0,832.1269503985502,0.0,0.0,1.0
280,-331.7025580849453,0,0,1.0,791.1685935123124,0.0,0.0,1.0
281,1199.3674497282898,0,0,1.0,735.8899242235767,0.0,0.0,1.0
282,34.90607419899351,0,0,1.0,668.8570462678679,0.0,0.0,1.0
283,-1705.9029865337202,0,0,1.0,440.70944493838635,0.0,0.0,1.0
284,174.39549021741968,0,0,1.0,473.8244948714332,0.0,0.0,1.0
285,-1690.7729785426259,0,0,1.0,144.86006995685884,0.0,0.0,1.0
286,-2669.8567287528435,0,0,1.0,-253.70585457488437,0.0,0.0,1.0
287,-756.7879338268182,0,0,1.0,-442.65383438594137,0.0,0.0,1.0
288,-449.44304714037924,0,0,1.0,-595.9192032103233,0.0,0.0,1.0
289,-266.4219021307149,0,0,1.0,-646.2219120867345,0.0,0.0,1.0
290,-1460.2600940556204,0,0,1.0,-759.0776656838019,0.0,0.0,1.0
291,-2904.561177823034,0,0,1.0,-1169.4705284389343,0.0,0.0,1.0
292,-2401.399146748956,0,0,1.0,-1413.1010505337292,0.0,0.0,1.0
293,-2878.0511507334168,0,0,1.0,-1530.3158669536988,0.0,0.0,1.0
294,-2326.8681069674126,0,0,1.0,-1780.442226672182,0.0,0.0,1.0
295,-3047.915352925961,0,0,1.0,-1916.1564641105156,0.0,0.0,1.0
296,-3869.0582115668694,0,0,1.0,-2036.076612391918,0.0,0.0,1.0
297,-2224.6454001168263,0,0,1.0,-2182.862359020919,0.0,0.0,1.0
298,-3792.700662818028,0,0,1.0,-2517.188120588684,0.0,0.0,1.0
299,-1612.9348183373493,0,0,1.0,-2651.8394122093473,0.0,0.0,1.0
300,-3517.1610132222086,0,0,1.0,-2857.529504126006,0.0,0.0,1.0
301,-4474.3629022605255,0,0,1.0,-3014.5096765697554,0.0,0.0,1.0
302,-5628.347133437267,0,0,1.0,-3337.204475238586,0.0,0.0,1.0
303,-3050.845743220662,0,0,1.0,-3354.4839344873108,0.0,0.0,1.0
304,-3249.4113908934355,0,0,1.0,-3446.738262879914,0.0,0.0,1.0
305,-3089.3077108970024,0,0,1.0,-3450.8774986770172,0.0,0.0,1.0
306,-4483.975945996486,0,0,1.0,-3512.369272119979,0.0,0.0,1.0
307,-3734.0176562936113,0,0,1.0,-3663.3064977376575,0.0,0.0,1.0
308,-4179.108882866186,0,0,1.0,-3701.947319742474,0.0,0.0,1.0
309,-4307.91314473443,0,0,1.0,-3971.4451523821817,0.0,0.0,1.0
310,-5040.52350203309,0,0,1.0,-4123.781401263269,0.0,0.0,1.0
311,-3615.4102782031778,0,0,1.0,-4037.886138857534,0.0,0.0,1.0
312,-3486.8671699449396,0,0,1.0,-3823.7381425083026,0.0,0.0,1.0
313,-3116.1738906872283,0,0,1.0,-3830.2709572549584,0.0,0.0,1.0
314,-1929.785454263198,0,0,1.0,-3698.3083635919347,0.0,0.0,1.0
315,-4340.698056902002,0,0,1.0,-3823.447398192435,0.0,0.0,1.0
316,-1773.307848250418,0,0,1.0,-3552.380588417828,0.0,0.0,1.0
317,-3167.223413630764,0,0,1.0,-3495.7011641515433,0.0,0.0,1.0
318,-1708.7930422851123,0,0,1.0,-3248.6695800934363,0.0,0.0,1.0
319,-2303.7712502942372,0,0,1.0,-3048.2553906494168,0.0,0.0,1.0
320,-1707.839284543016,0,0,1.0,-2714.986968900409,0.0,0.0,1.0
321,351.5911190369634,0,0,1.0,-2318.2868291763953,0.0,0.0,1.0
322,-665.9093530998724,0,0,1.0,-2036.1910474918889,0.0,0.0,1.0
323,782.0969023463878,0,0,1.0,-1646.363968188527,0.0,0.0,1.0
324,-321.82496957959614,0,0,1.0,-1485.5679197201666,0.0,0.0,1.0
325,-1480.6980799994967,0,0,1.0,-1199.5679220299162,0.0,0.0,1.0
326,-2026.3202492666126,0,0,1.0,-1224.8691621315356,0.0,0.0,1.0
327,-1626.093518690131,0,0,1.0,-1070.7561726374724,0.0,0.0,1.0
328,-66.83720565488741,0,0,1.0,-906.5605889744498,0.0,0.0,1.0
329,-3630.0170088898094,0,0,1.0,-1039.185164834007,0.0,0.0,1.0
330,-1430.068915419015,0,0,1.0,-1011.4081279216068,0.0,0.0,1.0
331,-1084.0074584014753,0,0,1.0,-1154.9679856654507,0.0,0.0,1.0
332,-610.6734152447411,0,0,1.0,-1149.4443918799375,0.0,0.0,1.0
333,-1394.9843235992232,0,0,1.0,-1367.1525144744987,0.0,0.0,1.0
334,-1867.8656965568455,0,0,1.0,-1521.7565871722238,0.0,0.0,1.0
335,-254.79995539711675,0,0,1.0,-1399.166774711986,0.0,0.0,1.0
336,-303.54049557231076,0,0,1.0,-1226.8887993425556,0.0,0.0,1.0
337,-2536.2367642777995,0,0,1.0,-1317.9031239013225,0.0,0.0,1.0
338,391.39950977378305,0,0,1.0,-1272.0794523584552,0.0,0.0,1.0
339,555.3734361786786,0,0,1.0,-853.5404078516067,0.0,0.0,1.0
340,1268.0224497987413,0,0,1.0,-583.731271329831,0.0,0.0,1.0
341,-736.4916956518916,0,0,1.0,-548.9796950548726,0.0,0.0,1.0
342,-427.0573971284895,0,0,1.0,-530.6180932432474,0.0,0.0,1.0
343,-2838.2810576172296,0,0,1.0,-674.9477666450481,0.0,0.0,1.0
344,-99.01778350088634,0,0,1.0,-498.06297533945207,0.0,0.0,1.0
345,1024.757962252943,0,0,1.0,-370.10718357444614,0.0,0.0,1.0
346,387.17137226966923,0,0,1.0,-301.03599679024813,0.0,0.0,1.0
347,739.2312935734061,0,0,1.0,26.510808994872427,0.0,0.0,1.0
348,-372.9174489347664,0,0,1.0,-49.920886875982546,0.0,0.0,1.0
349,383.8179741275831,0,0,1.0,-67.07643308109209,0.0,0.0,1.0
350,333.50082085510843,0,0,1.0,-160.5285959754554,0.0,0.0,1.0
351,-102.88483063001952,0,0,1.0,-97.16790947326814,0.0,0.0,1.0
352,1311.9398265206999,0,0,1.0,76.73181289165078,0.0,0.0,1.0
353,311.85591214961437,0,0,1.0,391.7455098683352,0.0,0.0,1.0
354,77.24222920731385,0,0,1.0,409.3715111391552,0.0,0.0,1.0
355,-223.64068572348964,0,0,1.0,284.53164634151193,0.0,0.0,1.0
356,-2691.600544797631,0,0,1.0,-23.34554536521805,0.0,0.0,1.0
357,283.4781517058865,0,0,1.0,-68.92085955197004,0.0,0.0,1.0
358,-308.7688456673926,0,0,1.0,-62.50599922523263,0.0,0.0,1.0
359,1582.7258933039684,0,0,1.0,57.384792692405846,0.0,0.0,1.0
360,1414.2364554837845,0,0,1.0,165.45835615527346,0.0,0.0,1.0
361,1335.085212576695,0,0,1.0,309.25536047594494,0.0,0.0,1.0
362,173.6231560776443,0,0,1.0,195.42369343163938,0.0,0.0,1.0
363,1346.8407924572932,0,0,1.0,298.92218146240725,0.0,0.0,1.0
364,-11.34021542116728,0,0,1.0,290.06393699955913,0.0,0.0,1.0
365,374.3964764133573,0,0,1.0,349.86765321324384,0.0,0.0,1.0
366,1157.9619232659284,0,0,1.0,734.8239000195997,0.0,0.0,1.0
367,-1577.7764765140548,0,0,1.0,548.6984371976056,0.0,0.0,1.0
368,-325.8270973485016,0,0,1.0,546.9926120294948,0.0,0.0,1.0
369,-282.84995581585224,0,0,1.0,360.4350271175127,0.0,0.0,1.0
370,558.5035149369871,0,0,1.0,274.8617330628329,0.0,0.0,1.0
371,748.707206901742,0,0,1.0,216.2239324953376,0.0,0.0,1.0
372,485.79555372130915,0,0,1.0,247.44117225970413,0.0,0.0,1.0
373,-840.5755048699327,0,0,1.0,28.69954252698153,0.0,0.0,1.0
374,242.06685516488756,0,0,1.0,54.040249585587006,0.0,0.0,1.0
375,1947.1440519032728,0,0,1.0,211.3150071345786,0.0,0.0,1.0
376,570.0136814881416,0,0,1.0,152.52018295679989,0.0,0.0,1.0
377,-75.18020564580134,0,0,1.0,302.7798100436252,0.0,0.0,1.0
378,1475.2726233098651,0,0,1.0,482.88978210946186,0.0,0.0,1.0
379,1015.5666633177806,0,0,1.0,612.7314440228253,0.0,0.0,1.0
380,1251.9411662399496,0,0,1.0,682.0752091531215,0.0,0.0,1.0
381,-700.321967661712,0,0,1.0,537.172291696776,0.0,0.0,1.0
382,1321.3866507700475,0,0,1.0,620.7314014016499,0.0,0.0,1.0
383,933.2311078485935,0,0,1.0,798.1120626735026,0.0,0.0,1.0
384,343.76020143283523,0,0,1.0,808.2813973002973,0.0,0.0,1.0
385,835.1265621301811,0,0,1.0,697.0796483229881,0.0,0.0,1.0
386,-177.6718585944385,0,0,1.0,622.3110943147301,0.0,0.0,1.0
387,927.0237397867152,0,0,1.0,722.5314888579817,0.0,0.0,1.0
388,1350.7093473175828,0,0,1.0,710.0751612587535,0.0,0.0,1.0
389,1656.580458140843,0,0,1.0,774.1765407410597,0.0,0.0,1.0
390,-498.82185349579976,0,0,1.0,599.1002387674848,0.0,0.0,1.0
391,-2057.830683725193,0,0,1.0,463.3493671611367,0.0,0.0,1.0
392,-731.4073094590125,0,0,1.0,258.0699711382307,0.0,0.0,1.0
393,842.4454515582939,0,0,1.0,248.99140550920075,0.0,0.0,1.0
394,373.8530135853624,0,0,1.0,252.00068672445346,0.0,0.0,1.0
395,599.3421425350939,0,0,1.0,228.4222447649448,0.0,0.0,1.0
396,-2099.552653062354,0,0,1.0,36.23416531815319,0.0,0.0,1.0
397,789.6594278706556,0,0,1.0,22.497734126547254,0.0,0.0,1.0
398,334.1714054550344,0,0,1.0,-79.15606005970763,0.0,0.0,1.0
399,451.66311418142027,0,0,1.0,-199.6477944556498,0.0,0.0,1.0
400,-868.3499885617921,0,0,1.0,-236.60060796224906,0.0,0.0,1.0
401,-81.32559556074854,0,0,1.0,-38.95009914580464,0.0,0.0,1.0
402,-506.84875199528557,0,0,1.0,-16.49424339943194,0.0,0.0,1.0
403,-376.2388153120625,0,0,1.0,-138.3626700864676,0.0,0.0,1.0
404,2.546054263183361,0,0,1.0,-175.4933660186855,0.0,0.0,1.0
405,-50.74107911148438,0,0,1.0,-240.50168818334333,0.0,0.0,1.0
406,-58.50342370724647,0,0,1.0,-36.39676524783259,0.0,0.0,1.0
407,-2658.8173269878844,0,0,1.0,-381.2444407336866,0.0,0.0,1.0
408,-970.2583643189632,0,0,1.0,-511.68741771108637,0.0,0.0,1.0
409,45.73844850399072,0,0,1.0,-552.2798842788292,0.0,0.0,1.0
410,1515.5147560180794,0,0,1.0,-313.8934098208421,0.0,0.0,1.0
411,-367.7546902274603,0,0,1.0,-342.5363192875133,0.0,0.0,1.0
412,87.96810839282803,0,0,1.0,-283.054633248702,0.0,0.0,1.0
413,1496.6691914460182,0,0,1.0,-95.76383257289388,0.0,0.0,1.0
414,-261.0020347382832,0,0,1.0,-122.11864147304054,0.0,0.0,1.0
415,978.8315961502769,0,0,1.0,-19.16137394686441,0.0,0.0,1.0
416,-708.6466999173531,0,0,1.0,-84.17570156787508,0.0,0.0,1.0
417,1046.5914923958235,0,0,1.0,286.3651803704957,0.0,0.0,1.0
418,776.5359237106145,0,0,1.0,461.0446091734535,0.0,0.0,1.0
419,1261.2837418153483,0,0,1.0,582.5991385045893,0.0,0.0,1.0
420,-185.6033685977672,0,0,1.0,412.4873260430046,0.0,0.0,1.0
421,942.2998392290464,0,0,1.0,543.4927789886553,0.0,0.0,1.0
422,1945.4100193368718,0,0,1.0,729.2369700830595,0.0,0.0,1.0
423,-364.10213038104564,0,0,1.0,543.1598379003533,0.0,0.0,1.0
424,1134.2642467805065,0,0,1.0,682.6864660522322,0.0,0.0,1.0
425,-1041.971395876257,0,0,1.0,480.60616684957887,0.0,0.0,1.0
426,386.8193438394264,0,0,1.0,590.1527712252567,0.0,0.0,1.0
427,822.4533938964685,0,0,1.0,567.7389613753212,0.0,0.0,1.0
428,132.82131709239817,0,0,1.0,503.3675007134996,0.0,0.0,1.0
429,1714.8631553533164,0,0,1.0,548.7254420672964,0.0,0.0,1.0
430,969.1700559645795,0,0,1.0,664.2027845235311,0.0,0.0,1.0
431,1039.1608116849825,0,0,1.0,673.8888817691246,0.0,0.0,1.0
432,545.9198645743312,0,0,1.0,533.9398662928706,0.0,0.0,1.0
433,-1216.070269468406,0,0,1.0,448.7430523841346,0.0,0.0,1.0
434,487.9864723922992,0,0,1.0,384.1152749453139,0.0,0.0,1.0
435,40.42133400282248,0,0,1.0,492.35454793322185,0.0,0.0,1.0
436,1944.0508192164896,0,0,1.0,648.0776954709282,0.0,0.0,1.0
437,-466.0855789557531,0,0,1.0,519.2237981857061,0.0,0.0,1.0
438,-907.9928102234242,0,0,1.0,415.1423854541238,0.0,0.0,1.0
439,946.5142463988985,0,0,1.0,338.307494558682,0.0,0.0,1.0
440,861.7523829796307,0,0,1.0,327.56572726018715,0.0,0.0,1.0
441,181.62700950019226,0,0,1.0,241.81234704170805,0.0,0.0,1.0
442,-1.901351132437755,0,0,1.0,187.03022547103117,0.0,0.0,1.0
443,1282.5495306782755,0,0,1.0,436.8922054856994,0.0,0.0,1.0
444,1088.4674928982304,0,0,1.0,496.9403075362925,0.0,0.0,1.0
445,-184.1860065410733,0,0,1.0,474.47957348190283,0.0,0.0,1.0
446,-2259.5315299216786,0,0,1.0,54.121338568086045,0.0,0.0,1.0
447,99.37260911384217,0,0,1.0,110.66715737504558,0.0,0.0,1.0
448,1343.5384266526673,0,0,1.0,335.8202810626547,0.0,0.0,1.0
449,-1157.733388684047,0,0,1.0,125.39551755436014,0.0,0.0,1.0
450,-833.17682342002,0,0,1.0,-44.09740308560491,0.0,0.0,1.0
451,1045.8312115293304,0,0,1.0,42.323017117308915,0.0,0.0,1.0
452,-839.8794343889213,0,0,1.0,-41.47479120833943,0.0,0.0,1.0
453,-563.180416296035,0,0,1.0,-226.04778590577044,0.0,0.0,1.0
454,-1179.4043058045688,0,0,1.0,-452.83496577605047,0.0,0.0,1.0
455,-2960.969346911791,0,0,1.0,-730.5132998131222,0.0,0.0,1.0
456,971.4477727358324,0,0,1.0,-407.41536954737103,0.0,0.0,1.0
457,100.96203052425375,0,0,1.0,-407.25642740633,0.0,0.0,1.0
458,1263.0152422431452,0,0,1.0,-415.30874584728224,0.0,0.0,1.0
459,390.39047604506635,0,0,1.0,-260.49635937437085,0.0,0.0,1.0
460,137.0028212150765,0,0,1.0,-163.47839491086114,0.0,0.0,1.0
461,-710.4010214286852,0,0,1.0,-339.1016182066628,0.0,0.0,1.0
462,-452.0688993511508,0,0,1.0,-300.3205647028857,0.0,0.0,1.0
463,87.67496472872584,0,0,1.0,-235.23502660040964,0.0,0.0,1.0
464,-1683.6129507913427,0,0,1.0,-285.65589109908694,0.0,0.0,1.0
465,-68.22647094540329,0,0,1.0,3.6183964975517853,0.0,0.0,1.0
466,243.6972439834998,0,0,1.0,-69.15665637768143,0.0,0.0,1.0
467,619.0490941351592,0,0,1.0,-17.347950016590925,0.0,0.0,1.0
468,325.31599422821466,0,0,1.0,-111.11787481808396,0.0,0.0,1.0
469,274.92252410759056,0,0,1.0,-122.66467001183155,0.0,0.0,1.0
470,745.2475637806441,0,0,1.0,-61.84019575527476,0.0,0.0,1.0
471,-788.804533091513,0,0,1.0,-69.68054692155758,0.0,0.0,1.0
472,191.57511818296922,0,0,1.0,-5.316145168145573,0.0,0.0,1.0
473,398.0681675699339,0,0,1.0,25.723175115975256,0.0,0.0,1.0
474,1856.7574560347846,0,0,1.0,379.760215798588,0.0,0.0,1.0
475,-26.609912297010034,0,0,1.0,383.9218716634273,0.0,0.0,1.0
476,553.433710913225,0,0,1.0,414.89551835639986,0.0,0.0,1.0
477,963.643984834716,0,0,1.0,449.3550074263556,0.0,0.0,1.0
478,1110.7566132957288,0,0,1.0,527.8990693331069,0.0,0.0,1.0
479,1244.5718014648785,0,0,1.0,624.8639970688357,0.0,0.0,1.0
480,23.613541110183917,0,0,1.0,552.7005948017897,0.0,0.0,1.0
481,-860.8600672872345,0,0,1.0,545.4950413822177,0.0,0.0,1.0
482,-1367.9993424601835,0,0,1.0,389.5375953179023,0.0,0.0,1.0
483,-232.20454538963864,0,0,1.0,326.5103240219451,0.0,0.0,1.0
484,1814.2601177303459,0,0,1.0,322.26059019150114,0.0,0.0,1.0
485,-453.29362637655134,0,0,1.0,279.592218783547,0.0,0.0,1.0
486,-1185.7108238351143,0,0,1.0,105.6777653087131,0.0,0.0,1.0
487,1053.0670513086295,0,0,1.0,114.62007195610443,0.0,0.0,1.0
488,-1547.4904636000456,0,0,1.0,-151.20463573347303,0.0,0.0,1.0
489,552.3926194488332,0,0,1.0,-220.4225539350776,0.0,0.0,1.0
490,42.932580192431914,0,0,1.0,-218.4906500268528,0.0,0.0,1.0
491,1029.5601779483818,0,0,1.0,-29.4486255032911,0.0,0.0,1.0
492,1016.4877750183615,0,0,1.0,209.00008624456336,0.0,0.0,1.0
493,-1191.7835866666844,0,0,1.0,113.04218211685881,0.0,0.0,1.0
494,375.62461365695395,0,0,1.0,-30.82136829048042,0.0,0.0,1.0
495,-730.5812512014387,0,0,1.0,-58.5501307729691,0.0,0.0,1.0
496,1295.3632325225126,0,0,1.0,189.55727486279358,0.0,0.0,1.0
497,-87.52680047329197,0,0,1.0,75.49788968460143,0.0,0.0,1.0
498,1723.1666730853813,0,0,1.0,402.56360335314406,0.0,0.0,1.0
499,854.9590326042195,0,0,1.0,432.8202446686828,0.0,0.0,1.0
500,875.7277743246764,0,0,1.0,516.0997640819072,0.0,0.0,1.0
501,1470.7538271773371,0,0,1.0,560.2191290048028,0.0,0.0,1.0
502,-26.65907125186135,0,0,1.0,455.9044443777804,0.0,0.0,1.0
503,-465.87784887606057,0,0,1.0,528.4950181568428,0.0,0.0,1.0
504,-774.3747004349651,0,0,1.0,413.4950867476508,0.0,0.0,1.0
505,-1936.859092878576,0,0,1.0,292.86730257993713,0.0,0.0,1.0
506,434.1579739784161,0,0,1.0,206.74677672552752,0.0,0.0,1.0
507,939.1091635391389,0,0,1.0,309.41037312677065,0.0,0.0,1.0
508,662.878754056627,0,0,1.0,203.38158122389515,0.0,0.0,1.0
509,488.7162203429529,0,0,1.0,166.75729999776857,0.0,0.0,1.0
510,1723.8322084847343,0,0,1.0,251.5677434137743,0.0,0.0,1.0
511,1159.9217050156024,0,0,1.0,220.4845311976009,0.0,0.0,1.0
512,602.5441002327665,0,0,1.0,283.40484834606366,0.0,0.0,1.0
513,678.1818398878935,0,0,1.0,397.81081722245915,0.0,0.0,1.0
514,-2204.1907199944753,0,0,1.0,254.829215266508,0.0,0.0,1.0
515,-560.4739312527679,0,0,1.0,392.46773142908876,0.0,0.0,1.0
516,-612.108714484268,0,0,1.0,287.8410625828204,0.0,0.0,1.0
517,-194.17069869963228,0,0,1.0,174.51307635894332,0.0,0.0,1.0
518,897.5351932583491,0,0,1.0,197.9787202791155,0.0,0.0,1.0
519,1219.7383056595825,0,0,1.0,271.08092881077846,0.0,0.0,1.0
520,472.5073654492197,0,0,1.0,145.94844450722704,0.0,0.0,1.0
521,628.8749829715445,0,0,1.0,92.84377230282121,0.0,0.0,1.0
522,1085.7578339339668,0,0,1.0,141.1651456729413,0.0,0.0,1.0
523,1142.7091788124424,0,0,1.0,187.61787956539615,0.0,0.0,1.0
524,595.452062120881,0,0,1.0,467.58215777693187,0.0,0.0,1.0
525,120.98366824671979,0,0,1.0,535.7279177268805,0.0,0.0,1.0
526,-956.4111336699547,0,0,1.0,501.29767580831185,0.0,0.0,1.0
527,-1593.0026034285524,0,0,1.0,361.41448533541995,0.0,0.0,1.0
528,-499.65916565876034,0,0,1.0,221.6950494437089,0.0,0.0,1.0
529,626.0440840617856,0,0,1.0,162.32562728392924,0.0,0.0,1.0
530,1129.3284673516187,0,0,1.0,228.00773747416915,0.0,0.0,1.0
531,102.09811093635305,0,0,1.0,175.33005027065,0.0,0.0,1.0
532,258.0781642707196,0,0,1.0,92.56208330432528,0.0,0.0,1.0
533,1461.920712305302,0,0,1.0,124.48323665361121,0.0,0.0,1.0
534,-939.5694419643083,0,0,1.0,-29.018913754907693,0.0,0.0,1.0
535,690.7631727959223,0,0,1.0,27.959036700012508,0.0,0.0,1.0
536,-526.687031526954,0,0,1.0,70.93144691431263,0.0,0.0,1.0
537,5.19216289041529,0,0,1.0,230.75092354620938,0.0,0.0,1.0
538,142.91525301244707,0,0,1.0,295.0083654133301,0.0,0.0,1.0
539,-935.6471649447831,0,0,1.0,138.83924051267326,0.0,0.0,1.0
540,-765.8075764907766,0,0,1.0,-50.67436387156626,0.0,0.0,1.0
541,533.8230389132536,0,0,1.0,-7.5018710738762255,0.0,0.0,1.0
542,937.7861664911673,0,0,1.0,60.46892914816855,0.0,0.0,1.0
543,-1240.41168367061,0,0,1.0,-209.76431044942265,0.0,0.0,1.0
544,-331.7895636904712,0,0,1.0,-148.98632262203893,0.0,0.0,1.0
545,533.0753862461738,0,0,1.0,-164.7551012770138,0.0,0.0,1.0
546,436.77664764395143,0,0,1.0,-68.40873335992323,0.0,0.0,1.0
547,1458.847805367525,0,0,1.0,76.95683088778773,0.0,0.0,1.0
548,994.8646555782182,0,0,1.0,162.15177114436486,0.0,0.0,1.0
549,1869.6093225189763,0,0,1.0,442.67741989074074,0.0,0.0,1.0
550,1184.239806011022,0,0,1.0,637.6821581409206,0.0,0.0,1.0
551,-381.6829917584218,0,0,1.0,546.1315550737531,0.0,0.0,1.0
552,-37.37662545500397,0,0,1.0,448.615275879136,0.0,0.0,1.0
553,148.15451412239787,0,0,1.0,587.4718956584368,0.0,0.0,1.0
554,1877.169930124921,0,0,1.0,808.3678450399759,0.0,0.0,1.0
555,-401.9155614837494,0,0,1.0,714.8687502669837,0.0,0.0,1.0
556,981.0771909750491,0,0,1.0,769.2988046000935,0.0,0.0,1.0
557,125.5589755107605,0,0,1.0,635.969921614417,0.0,0.0,1.0
558,763.1455876153065,0,0,1.0,612.7980148181258,0.0,0.0,1.0
559,-1126.1498986786955,0,0,1.0,313.22209269835867,0.0,0.0,1.0
560,252.98902589853256,0,0,1.0,220.09701468710963,0.0,0.0,1.0
561,-2012.4561199067,0,0,1.0,57.01970187228183,0.0,0.0,1.0
562,245.55667403997265,0,0,1.0,85.3130318217795,0.0,0.0,1.0
563,539.6901594514898,0,0,1.0,124.46659635468873,0.0,0.0,1.0
564,-957.5342915829909,0,0,1.0,-159.00382581610248,0.0,0.0,1.0
565,-190.45692519601226,0,0,1.0,-137.85796218732875,0.0,0.0,1.0
566,-134.01845017608576,0,0,1.0,-249.3675263024423,0.0,0.0,1.0
567,37.54864347091515,0,0,1.0,-258.1685595064268,0.0,0.0,1.0
568,1390.8691857800618,0,0,1.0,-195.39619968995126,0.0,0.0,1.0
569,198.16441014008655,0,0,1.0,-62.96476880807304,0.0,0.0,1.0
570,1206.5338006958048,0,0,1.0,32.38970867165419,0.0,0.0,1.0
571,737.7585327513356,0,0,1.0,307.41117393745776,0.0,0.0,1.0
572,-1630.6050111946581,0,0,1.0,119.79500541399469,0.0,0.0,1.0
573,-49.25194139720284,0,0,1.0,60.90079532912538,0.0,0.0,1.0
574,-1247.7778369629746,0,0,1.0,31.876440791127038,0.0,0.0,1.0
575,-996.9345473448318,0,0,1.0,-48.77132142375494,0.0,0.0,1.0
576,-1774.0328854370393,0,0,1.0,-212.77276494985026,0.0,0.0,1.0
577,-2007.2949044639422,0,0,1.0,-417.2571197433361,0.0,0.0,1.0
578,214.7863329834982,0,0,1.0,-534.8654050229923,0.0,0.0,1.0
579,-1052.3006791926925,0,0,1.0,-659.9119139562703,0.0,0.0,1.0
580,-791.771018523865,0,0,1.0,-859.7423958782372,0.0,0.0,1.0
581,-1844.8176842536752,0,0,1.0,-1118.0000175787386,0.0,0.0,1.0
582,466.1303747268544,0,0,1.0,-908.3264789865873,0.0,0.0,1.0
583,-509.0271508873997,0,0,1.0,-954.3039999356067,0.0,0.0,1.0
584,-13.189561082545712,0,0,1.0,-830.8451723475639,0.0,0.0,1.0
585,-1259.7606852553013,0,0,1.0,-857.1277861386109,0.0,0.0,1.0
586,-3152.929102958345,0,0,1.0,-995.0174078907415,0.0,0.0,1.0
587,-1786.226592381235,0,0,1.0,-972.9105766824707,0.0,0.0,1.0
588,-1187.92653406543,0,0,1.0,-1113.1818633873634,0.0,0.0,1.0
589,-1914.5050870284958,0,0,1.0,-1199.4023041709438,0.0,0.0,1.0
590,-1139.7014053366775,0,0,1.0,-1234.1953428522252,0.0,0.0,1.0
591,-952.792760825601,0,0,1.0,-1144.9928505094178,0.0,0.0,1.0
592,-1354.6129201525425,0,0,1.0,-1327.0671799973575,0.0,0.0,1.0
593,-871.9624880411836,0,0,1.0,-1363.3607137127356,0.0,0.0,1.0
594,-730.6571368645971,0,0,1.0,-1435.1074712909408,0.0,0.0,1.0
595,-1032.0642544956788,0,0,1.0,-1412.3378282149786,0.0,0.0,1.0
596,-1630.5826614796456,0,0,1.0,-1260.1031840671087,0.0,0.0,1.0
597,-1859.342167176129,0,0,1.0,-1267.4147415465982,0.0,0.0,1.0
598,-2002.6707078056158,0,0,1.0,-1348.8891589206164,0.0,0.0,1.0
599,-541.3935486453489,0,0,1.0,-1211.5780050823018,0.0,0.0,1.0
600,-1229.4911375164338,0,0,1.0,-1220.5569783002775,0.0,0.0,1.0
601,104.1867460453957,0,0,1.0,-1114.859027613178,0.0,0.0,1.0
602,-2713.5699725002914,0,0,1.0,-1250.7547328479527,0.0,0.0,1.0
603,-1654.8769077983243,0,0,1.0,-1329.0461748236671,0.0,0.0,1.0
604,-4675.175185437501,0,0,1.0,-1723.497979680957,0.0,0.0,1.0
605,-1256.5843995303687,0,0,1.0,-1745.9499941844265,0.0,0.0,1.0
606,-2980.0723383850386,0,0,1.0,-1880.8989618749656,0.0,0.0,1.0
607,-844.8991769029014,0,0,1.0,-1779.454662847643,0.0,0.0,1.0
608,-1636.4488928032954,0,0,1.0,-1742.8324813474107,0.0,0.0,1.0
609,-1347.3232578471818,0,0,1.0,-1823.4254522675942,0.0,0.0,1.0
610,-1279.788413866036,0,0,1.0,-1828.4551799025546,0.0,0.0,1.0
611,-4627.887110223066,0,0,1.0,-2301.6625655294006,0.0,0.0,1.0
612,-2336.9619361691434,0,0,1.0,-2264.0017618962856,0.0,0.0,1.0
613,-1051.954012738238,0,0,1.0,-2203.709472390277,0.0,0.0,1.0
614,-2183.242700030761,0,0,1.0,-1954.5162238496032,0.0,0.0,1.0
615,-992.601278580656,0,0,1.0,-1928.1179117546315,0.0,0.0,1.0
616,-321.8880576742211,0,0,1.0,-1662.29948368355,0.0,0.0,1.0
617,-2458.5149812539094,0,0,1.0,-1823.6610641186508,0.0,0.0,1.0
618,-3561.3277189229866,0,0,1.0,-2016.14894673062,0.0,0.0,1.0
619,-454.1257357696389,0,0,1.0,-1926.8291945228655,0.0,0.0,1.0
620,-1409.1924264627805,0,0,1.0,-1939.7695957825404,0.0,0.0,1.0
621,-1635.6534897879278,0,0,1.0,-1640.5462337390265,0.0,0.0,1.0
622,348.59278345497785,0,0,1.0,-1371.9907617766141,0.0,0.0,1.0
623,-3359.087967901525,0,0,1.0,-1602.704157292943,0.0,0.0,1.0
624,-589.3852279289836,0,0,1.0,-1443.3184100827652,0.0,0.0,1.0
625,-1939.675273711479,0,0,1.0,-1538.0258095958475,0.0,0.0,1.0
626,-1509.8933936632864,0,0,1.0,-1656.826343194754,0.0,0.0,1.0
627,271.3854398606992,0,0,1.0,-1383.836301083293,0.0,0.0,1.0
628,-2755.573384953582,0,0,1.0,-1303.2608676863524,0.0,0.0,1.0
629,-3857.883294320929,0,0,1.0,-1643.6366235414819,0.0,0.0,1.0
630,-510.863520426763,0,0,1.0,-1553.8037329378799,0.0,0.0,1.0
631,-2469.091685230292,0,0,1.0,-1637.1475524821162,0.0,0.0,1.0
632,-933.5870046971813,0,0,1.0,-1765.3655312973322,0.0,0.0,1.0
633,-1357.819860295164,0,0,1.0,-1565.238720536696,0.0,0.0,1.0
634,-3030.6867580651246,0,0,1.0,-1809.36887355031,0.0,0.0,1.0
635,-788.7109684443942,0,0,1.0,-1694.2724430236017,0.0,0.0,1.0
636,-1149.4795145011058,0,0,1.0,-1658.2310551073838,0.0,0.0,1.0
637,-237.3452176349851,0,0,1.0,-1709.104120856952,0.0,0.0,1.0
638,-345.38142813864494,0,0,1.0,-1468.0849251754585,0.0,0.0,1.0
639,701.0468254684309,0,0,1.0,-1012.1919131965226,0.0,0.0,1.0
640,-3237.5031423052314,0,0,1.0,-1284.8558753843693,0.0,0.0,1.0
641,-664.4670633766747,0,0,1.0,-1104.3934131990077,0.0,0.0,1.0
642,85.38465134629263,0,0,1.0,-1002.4962475946601,0.0,0.0,1.0
643,-2860.961944975107,0,0,1.0,-1152.8104560626548,0.0,0.0,1.0
644,-593.8081137659217,0,0,1.0,-909.1225916327342,0.0,0.0,1.0
645,-1453.187210002743,0,0,1.0,-975.5702157885689,0.0,0.0,1.0
646,-1973.2404685602728,0,0,1.0,-1057.9463111944856,0.0,0.0,1.0
647,-799.610518157782,0,0,1.0,-1114.1728412467653,0.0,0.0,1.0
648,-2978.0172218096222,0,0,1.0,-1377.436420613863,0.0,0.0,1.0
649,99.86573826228388,0,0,1.0,-1437.5545293344778,0.0,0.0,1.0
650,-151.23125753299527,0,0,1.0,-1128.9273408572544,0.0,0.0,1.0
651,-1260.1526191917858,0,0,1.0,-1188.4958964387656,0.0,0.0,1.0
652,319.02730784991104,0,0,1.0,-1165.1316307884035,0.0,0.0,1.0
653,-4474.389202941905,0,0,1.0,-1326.4743565850833,0.0,0.0,1.0
654,-2327.916480996438,0,0,1.0,-1499.885193308135,0.0,0.0,1.0
655,-3420.4599933860854,0,0,1.0,-1696.6124716464692,0.0,0.0,1.0
656,-2437.2413027891894,0,0,1.0,-1743.0125550693606,0.0,0.0,1.0
657,-955.912453520036,0,0,1.0,-1758.6427486055861,0.0,0.0,1.0
658,53.99559343978491,0,0,1.0,-1455.4414670806452,0.0,0.0,1.0
659,-2994.565576303672,0,0,1.0,-1764.884598537241,0.0,0.0,1.0
660,-727.5744734762204,0,0,1.0,-1822.5189201315636,0.0,0.0,1.0
661,-676.2220644113847,0,0,1.0,-1764.1258646535232,0.0,0.0,1.0
662,167.07664664775808,0,0,1.0,-1779.3209307737386,0.0,0.0,1.0
663,-3415.5183712448666,0,0,1.0,-1673.433847604035,0.0,0.0,1.0
664,-950.8757645307877,0,0,1.0,-1535.7297759574699,0.0,0.0,1.0
665,-2355.6999805828405,0,0,1.0,-1429.2537746771454,0.0,0.0,1.0
666,-2393.15400603921,0,0,1.0,-1424.8450450021476,0.0,0.0,1.0
667,-1402.6467344642947,0,0,1.0,-1469.5184730965734,0.0,0.0,1.0
668,-3364.241886182342,0,0,1.0,-1811.3422210587862,0.0,0.0,1.0
669,-2402.3779024235546,0,0,1.0,-1752.1234536707743,0.0,0.0,1.0
670,68.43283345608081,0,0,1.0,-1672.5227229775442,0.0,0.0,1.0
671,581.3579137733444,0,0,1.0,-1546.764725159071,0.0,0.0,1.0
672,-2375.0268823241827,0,0,1.0,-1800.9750780562651,0.0,0.0,1.0
673,-1717.2411831666075,0,0,1.0,-1631.1473592484392,0.0,0.0,1.0
674,-113.3378404912869,0,0,1.0,-1547.3935668444892,0.0,0.0,1.0
675,-2032.22751645009,0,0,1.0,-1515.046320431214,0.0,0.0,1.0
676,-428.53209937291666,0,0,1.0,-1318.5841297645848,0.0,0.0,1.0
677,-877.2784402122769,0,0,1.0,-1266.0473003393831,0.0,0.0,1.0
678,-1464.8721665191772,0,0,1.0,-1076.1103283730665,0.0,0.0,1.0
679,-5087.721492966658,0,0,1.0,-1344.644687427377,0.0,0.0,1.0
680,225.92619760993614,0,0,1.0,-1328.8953510119914,0.0,0.0,1.0
681,422.6604867511624,0,0,1.0,-1344.7650937142093,0.0,0.0,1.0
682,564.4104766791374,0,0,1.0,-1050.8213578138777,0.0,0.0,1.0
683,592.3651668472874,0,0,1.0,-819.8607228124883,0.0,0.0,1.0
684,-2349.493357334994,0,0,1.0,-1043.4762744968589,0.0,0.0,1.0
685,-639.2189792989756,0,0,1.0,-904.1754207817473,0.0,0.0,1.0
686,590.5797657894077,0,0,1.0,-802.264234265515,0.0,0.0,1.0
687,-267.97145363173684,0,0,1.0,-741.333535607461,0.0,0.0,1.0
688,-1667.2615994792163,0,0,1.0,-761.572478903465,0.0,0.0,1.0
689,619.5705020197478,0,0,1.0,-190.8432794048244,0.0,0.0,1.0
690,-386.5636469946605,0,0,1.0,-252.09226386528402,0.0,0.0,1.0
691,-916.1415073534889,0,0,1.0,-385.9724632757492,0.0,0.0,1.0
692,-641.3156065335684,0,0,1.0,-506.5450715970197,0.0,0.0,1.0
693,-1014.8147882348027,0,0,1.0,-667.2630671052289,0.0,0.0,1.0
694,1172.2413010187115,0,0,1.0,-315.08960126985824,0.0,0.0,1.0
695,-2254.882515858512,0,0,1.0,-476.6559549258118,0.0,0.0,1.0
696,369.2071106998742,0,0,1.0,-498.7932204347653,0.0,0.0,1.0
697,365.4301856764154,0,0,1.0,-435.45305650394994,0.0,0.0,1.0
698,132.59540398727785,0,0,1.0,-255.46735615730054,0.0,0.0,1.0
699,-1595.5526401046204,0,0,1.0,-476.97967036973733,0.0,0.0,1.0
700,-718.7842971027392,0,0,1.0,-510.20173538054524,0.0,0.0,1.0
701,2580.8927560401917,0,0,1.0,-160.49830904117715,0.0,0.0,1.0
702,2482.4499265912596,0,0,1.0,151.87824427130562,0.0,0.0,1.0
703,2875.0694321599663,0,0,1.0,540.8666663107825,0.0,0.0,1.0
704,2372.015239306401,0,0,1.0,660.8440601395515,0.0,0.0,1.0
705,2576.8990487857695,0,0,1.0,1144.0222166039796,0.0,0.0,1.0
706,2478.0947441118196,0,0,1.0,1354.9109799451744,0.0,0.0,1.0
707,2445.304035216697,0,0,1.0,1562.8983648992023,0.0,0.0,1.0
708,2393.3195256224476,0,0,1.0,1788.9707770627192,0.0,0.0,1.0
709,2612.920781216929,0,0,1.0,2209.8181191948743,0.0,0.0,1.0
710,2375.0187842666487,0,0,1.0,2519.198427331813,0.0,0.0,1.0
711,2808.244648494037,0,0,1.0,2541.9336165771974,0.0,0.0,1.0
712,2738.126112020428,0,0,1.0,2567.5012351201144,0.0,0.0,1.0
713,2934.7588776493812,0,0,1.0,2573.4701796690556,0.0,0.0,1.0
714,2635.5088518880953,0,0,1.0,2599.8195409272253,0.0,0.0,1.0
715,2812.247264178395,0,0,1.0,2623.3543624664876,0.0,0.0,1.0
716,2479.784161101443,0,0,1.0,2623.52330416545,0.0,0.0,1.0
717,2879.934631927198,0,0,1.0,2666.9863638365005,0.0,0.0,1.0
718,2482.3242188833037,0,0,1.0,2675.886833162586,0.0,0.0,1.0
719,2830.70522345185,0,0,1.0,2697.665277386078,0.0,0.0,1.0
720,2633.2410202170986,0,0,1.0,2723.4875009811226,0.0,0.0,1.0
721,2294.800641910708,0,0,1.0,2672.14310032279,0.0,0.0,1.0
722,2561.163216486255,0,0,1.0,2654.446810769373,0.0,0.0,1.0
723,2673.018759224943,0,0,1.0,2628.2727989269288,0.0,0.0,1.0
724,3003.275445361635,0,0,1.0,2665.049458274283,0.0,0.0,1.0
725,2829.087943755324,0,0,1.0,2666.7335262319757,0.0,0.0,1.0
726,2691.4996953068808,0,0,1.0,2687.9050796525194,0.0,0.0,1.0
727,2837.2867884012985,0,0,1.0,2683.6402952999297,0.0,0.0,1.0
728,2717.0020516190243,0,0,1.0,2707.1080785735016,0.0,0.0,1.0
729,2555.919162199992,0,0,1.0,2679.629472448316,0.0,0.0,1.0
730,2512.3031858769127,0,0,1.0,2667.5356890142975,0.0,0.0,1.0
731,2912.2311719388986,0,0,1.0,2729.2787420171167,0.0,0.0,1.0
732,2370.2944927189847,0,0,1.0,2710.1918696403895,0.0,0.0,1.0
733,2657.832764942073,0,0,1.0,2708.673270212102,0.0,0.0,1.0
734,2225.9740045520093,0,0,1.0,2630.9431261311397,0.0,0.0,1.0
735,2465.607659092259,0,0,1.0,2594.5950976648332,0.0,0.0,1.0
736,2598.3499516348184,0,0,1.0,2585.280123297627,0.0,0.0,1.0
737,2634.810703694944,0,0,1.0,2565.0325148269912,0.0,0.0,1.0
738,2903.1476776390427,0,0,1.0,2583.6470774289933,0.0,0.0,1.0
739,2682.6935689270945,0,0,1.0,2596.3245181017037,0.0,0.0,1.0
740,2419.1474494275035,0,0,1.0,2587.008944456763,0.0,0.0,1.0
741,2766.5530115350793,0,0,1.0,2572.4411284163807,0.0,0.0,1.0
742,2534.962849436673,0,0,1.0,2588.9079640881496,0.0,0.0,1.0
743,2434.0010067341204,0,0,1.0,2566.5247882673543,0.0,0.0,1.0
744,2529.893176271067,0,0,1.0,2596.9167054392606,0.0,0.0,1.0
745,2481.176195388636,0,0,1.0,2598.473559068898,0.0,0.0,1.0
746,2806.3703130138047,0,0,1.0,2619.275595206797,0.0,0.0,1.0
747,2731.1724621195167,0,0,1.0,2628.9117710492537,0.0,0.0,1.0
748,2126.9735177815955,0,0,1.0,2551.294355063509,0.0,0.0,1.0
749,2392.635125435412,0,0,1.0,2522.2885107143406,0.0,0.0,1.0
750,2570.150414428889,0,0,1.0,2537.388807214479,0.0,0.0,1.0
751,2697.597980487645,0,0,1.0,2530.4933041097356,0.0,0.0,1.0
752,2606.0143891702273,0,0,1.0,2537.598458083091,0.0,0.0,1.0
753,2644.254949334031,0,0,1.0,2558.6238523430825,0.0,0.0,1.0
754,2677.267111462541,0,0,1.0,2573.3612458622297,0.0,0.0,1.0
755,2796.437280087842,0,0,1.0,2604.8873543321506,0.0,0.0,1.0
756,2611.2652242326412,0,0,1.0,2585.3768454540336,0.0,0.0,1.0
757,2519.182417325452,0,0,1.0,2564.1778409746275,0.0,0.0,1.0
758,2937.482164581557,0,0,1.0,2645.228705654624,0.0,0.0,1.0
759,2441.535948868528,0,0,1.0,2650.118787997935,0.0,0.0,1.0
760,2438.5800073637456,0,0,1.0,2636.9617472914206,0.0,0.0,1.0
761,2680.6701882199277,0,0,1.0,2635.2689680646495,0.0,0.0,1.0
762,2517.4912348122466,0,0,1.0,2626.416652628851,0.0,0.0,1.0
763,2454.318414544327,0,0,1.0,2607.4229991498805,0.0,0.0,1.0
764,2521.221850603915,0,0,1.0,2591.818473064018,0.0,0.0,1.0
765,2322.163744781365,0,0,1.0,2544.3911195333703,0.0,0.0,1.0
766,2466.562269349861,0,0,1.0,2529.9208240450926,0.0,0.0,1.0
767,2672.510406248185,0,0,1.0,2545.2536229373654,0.0,0.0,1.0
768,2571.5180285825427,0,0,1.0,2508.6572093374643,0.0,0.0,1.0
769,2667.9974973629905,0,0,1.0,2531.3033641869106,0.0,0.0,1.0
770,2717.379505815934,0,0,1.0,2559.1833140321296,0.0,0.0,1.0
771,2439.7475311569465,0,0,1.0,2535.0910483258313,0.0,0.0,1.0
772,2504.8675492690995,0,0,1.0,2533.828679771517,0.0,0.0,1.0
773,2535.110940368389,0,0,1.0,2541.907932353923,0.0,0.0,1.0
774,2380.3879478133217,0,0,1.0,2527.8245420748635,0.0,0.0,1.0
775,2500.041714885389,0,0,1.0,2545.6123390852654,0.0,0.0,1.0
776,2468.3186598501766,0,0,1.0,2545.7879781352976,0.0,0.0,1.0
777,2911.906605517096,0,0,1.0,2569.7275980621885,0.0,0.0,1.0
778,2714.5629942810806,0,0,1.0,2584.0320946320426,0.0,0.0,1.0
779,2820.7290274204515,0,0,1.0,2599.305247637789,0.0,0.0,1.0
780,3038.87653221918,0,0,1.0,2631.454950278113,0.0,0.0,1.0
781,2341.543078900802,0,0,1.0,2621.6345050524988,0.0,0.0,1.0
782,2620.630084183527,0,0,1.0,2633.210758543941,0.0,0.0,1.0
783,2729.2725782244306,0,0,1.0,2652.6269223295453,0.0,0.0,1.0
784,2269.6412587850755,0,0,1.0,2641.552253426721,0.0,0.0,1.0
785,2985.178563282845,0,0,1.0,2690.065938266466,0.0,0.0,1.0
786,2737.822017795382,0,0,1.0,2717.0162740609867,0.0,0.0,1.0
787,2588.628257105516,0,0,1.0,2684.688439219829,0.0,0.0,1.0
788,2631.4222544495997,0,0,1.0,2676.374365236681,0.0,0.0,1.0
789,2509.6693019692248,0,0,1.0,2645.2683926915583,0.0,0.0,1.0
790,2553.9194019636016,0,0,1.0,2596.772679666,0.0,0.0,1.0
791,2809.152142429512,0,0,1.0,2643.5335860188716,0.0,0.0,1.0
792,2989.1020632598324,0,0,1.0,2680.3807839265023,0.0,0.0,1.0
793,2485.56144696719,0,0,1.0,2656.0096708007777,0.0,0.0,1.0
794,2720.685882439796,0,0,1.0,2701.1141331662498,0.0,0.0,1.0
795,2928.8130986670285,0,0,1.0,2695.4775867046683,0.0,0.0,1.0
796,2663.841930763905,0,0,1.0,2688.0795780015205,0.0,0.0,1.0
797,2719.653312480731,0,0,1.0,2701.1820835390417,0.0,0.0,1.0
798,2405.0459464890278,0,0,1.0,2678.544452742985,0.0,0.0,1.0
799,2331.6902436093346,0,0,1.0,2660.7465469069953,0.0,0.0,1.0
800,2663.0585732574245,0,0,1.0,2671.660464036378,0.0,0.0,1.0
801,2878.81527045678,0,0,1.0,2678.6267768391053,0.0,0.0,1.0
802,2457.2695443804223,0,0,1.0,2625.443524951164,0.0,0.0,1.0
803,2628.409165458997,0,0,1.0,2639.7282968003447,0.0,0.0,1.0
804,2828.6948092539665,0,0,1.0,2650.529189481762,0.0,0.0,1.0
805,2813.1975249691363,0,0,1.0,2638.9676321119728,0.0,0.0,1.0
806,2612.778959121795,0,0,1.0,2633.861334947761,0.0,0.0,1.0
807,2812.84124094596,0,0,1.0,2643.180127794284,0.0,0.0,1.0
808,2703.967907499912,0,0,1.0,2673.072323895373,0.0,0.0,1.0
809,2638.6038010826983,0,0,1.0,2703.7636796427096,0.0,0.0,1.0
810,2734.696368395992,0,0,1.0,2710.927459156566,0.0,0.0,1.0
811,2412.392422128668,0,0,1.0,2664.2851743237547,0.0,0.0,1.0
812,3168.3023747818524,0,0,1.0,2735.388457363898,0.0,0.0,1.0
813,2543.4372594371175,0,0,1.0,2726.8912667617096,0.0,0.0,1.0
814,2587.9646713795964,0,0,1.0,2702.8182529742726,0.0,0.0,1.0
815,3038.025907367352,0,0,1.0,2725.301091214094,0.0,0.0,1.0
816,2837.429225270512,0,0,1.0,2747.7661178289663,0.0,0.0,1.0
817,2460.283168021799,0,0,1.0,2712.51031053655,0.0,0.0,1.0
818,2737.240363275125,0,0,1.0,2715.8375561140715,0.0,0.0,1.0
819,2558.130985914605,0,0,1.0,2707.7902745972624,0.0,0.0,1.0
820,2711.4151696949793,0,0,1.0,2705.462154727161,0.0,0.0,1.0
821,2515.0127484372906,0,0,1.0,2715.7241873580233,0.0,0.0,1.0
822,2483.816562870879,0,0,1.0,2647.275606166925,0.0,0.0,1.0
823,2661.16484244823,0,0,1.0,2659.0483644680367,0.0,0.0,1.0
824,2404.6486910176945,0,0,1.0,2640.7167664318467,0.0,0.0,1.0
825,2560.893893136436,0,0,1.0,2593.003565008755,0.0,0.0,1.0
826,2446.6312786114554,0,0,1.0,2553.9237703428494,0.0,0.0,1.0
827,2289.486440320791,0,0,1.0,2536.8440975727485,0.0,0.0,1.0
828,2747.954144836212,0,0,1.0,2537.915475728857,0.0,0.0,1.0
829,2599.2669793369073,0,0,1.0,2542.0290750710874,0.0,0.0,1.0
830,2839.733160315114,0,0,1.0,2554.860874133101,0.0,0.0,1.0
831,2563.1516024588022,0,0,1.0,2559.674759535252,0.0,0.0,1.0
832,2326.7963773230467,0,0,1.0,2543.972740980469,0.0,0.0,1.0
833,2601.6241677251655,0,0,1.0,2538.0186735081625,0.0,0.0,1.0
834,2464.3141728601686,0,0,1.0,2543.9852216924105,0.0,0.0,1.0
835,2311.631612011066,0,0,1.0,2519.058993579873,0.0,0.0,1.0
836,2489.806603697792,0,0,1.0,2523.376526088506,0.0,0.0,1.0
837,2215.6158862128977,0,0,1.0,2515.989470677717,0.0,0.0,1.0
838,2337.35765187013,0,0,1.0,2474.9298213811094,0.0,0.0,1.0
839,2564.498719075103,0,0,1.0,2471.4529953549286,0.0,0.0,1.0
840,2726.768878269128,0,0,1.0,2460.15656715033,0.0,0.0,1.0
841,3051.630140202004,0,0,1.0,2509.0044209246507,0.0,0.0,1.0
842,2663.344905779208,0,0,1.0,2542.6592737702663,0.0,0.0,1.0
843,2402.7862637107623,0,0,1.0,2522.775483368826,0.0,0.0,1.0
844,2542.8068974593716,0,0,1.0,2530.624755828746,0.0,0.0,1.0
845,2792.313002577742,0,0,1.0,2578.692894885414,0.0,0.0,1.0
846,2756.780817487871,0,0,1.0,2605.390316264422,0.0,0.0,1.0
847,2600.790809182713,0,0,1.0,2643.907808561403,0.0,0.0,1.0
848,2444.7287938130885,0,0,1.0,2654.6449227556996,0.0,0.0,1.0
849,2936.1777147996067,0,0,1.0,2691.8128223281497,0.0,0.0,1.0
850,2815.242587591901,0,0,1.0,2700.660193260427,0.0,0.0,1.0
851,2698.6965731201526,0,0,1.0,2665.3668365522417,0.0,0.0,1.0
852,2820.143182946108,0,0,1.0,2681.0466642689316,0.0,0.0,1.0
853,2447.5937721309238,0,0,1.0,2685.527415110948,0.0,0.0,1.0
854,2511.7130086913976,0,0,1.0,2682.4180262341506,0.0,0.0,1.0
855,2671.3243269019817,0,0,1.0,2670.3191586665744,0.0,0.0,1.0
856,2536.1494402374387,0,0,1.0,2648.2560209415306,0.0,0.0,1.0
857,2778.0380808813893,0,0,1.0,2665.980748111399,0.0,0.0,1.0
858,2820.425462987828,0,0,1.0,2703.550415028873,0.0,0.0,1.0
859,2594.098128968241,0,0,1.0,2669.3424564457364,0.0,0.0,1.0
860,2877.7930995006504,0,0,1.0,2675.597507636611,0.0,0.0,1.0
861,2501.6331121700064,0,0,1.0,2655.8911615415964,0.0,0.0,1.0
862,2434.0726931864165,0,0,1.0,2617.2841125656273,0.0,0.0,1.0
863,2697.72873665523,0,0,1.0,2642.2976090180578,0.0,0.0,1.0
864,2517.371745585796,0,0,1.0,2642.8634827074975,0.0,0.0,1.0
865,2810.5536340328217,0,0,1.0,2656.786413420582,0.0,0.0,1.0
866,2281.527166606445,0,0,1.0,2631.3241860574826,0.0,0.0,1.0
867,2424.9169341542283,0,0,1.0,2596.012071384766,0.0,0.0,1.0
868,2720.288349163102,0,0,1.0,2585.9983600022942,0.0,0.0,1.0
869,2594.563411265551,0,0,1.0,2586.0448882320243,0.0,0.0,1.0
870,2623.1666725686227,0,0,1.0,2560.582245538822,0.0,0.0,1.0
871,2513.1441611359587,0,0,1.0,2561.733350435417,0.0,0.0,1.0
872,2509.1543175183674,0,0,1.0,2569.2415128686125,0.0,0.0,1.0
873,2365.627793522727,0,0,1.0,2536.031418555362,0.0,0.0,1.0
874,2708.6721492553124,0,0,1.0,2555.1614589223136,0.0,0.0,1.0
875,2825.183963627602,0,0,1.0,2556.6244918817915,0.0,0.0,1.0
876,2782.5393325997948,0,0,1.0,2606.7257084811267,0.0,0.0,1.0
877,2653.995938141857,0,0,1.0,2629.6336088798894,0.0,0.0,1.0
878,2651.2597241227545,0,0,1.0,2622.730746375855,0.0,0.0,1.0
879,2712.810080689117,0,0,1.0,2634.5554133182113,0.0,0.0,1.0
880,2524.655139641184,0,0,1.0,2624.7042600254676,0.0,0.0,1.0
881,2808.2276006894904,0,0,1.0,2654.212603980821,0.0,0.0,1.0
882,2712.691696729558,0,0,1.0,2674.5663419019397,0.0,0.0,1.0
883,2545.585267214233,0,0,1.0,2692.5620892710904,0.0,0.0,1.0
884,2390.7307520642257,0,0,1.0,2660.7679495519815,0.0,0.0,1.0
885,2716.7866110721607,0,0,1.0,2649.9282142964375,0.0,0.0,1.0
886,2519.2553799658563,0,0,1.0,2623.599819033044,0.0,0.0,1.0
887,2861.739930839888,0,0,1.0,2644.374218302847,0.0,0.0,1.0
888,2369.331132643774,0,0,1.0,2616.1813591549485,0.0,0.0,1.0
889,2422.5422525339864,0,0,1.0,2587.1545763394356,0.0,0.0,1.0
890,2855.346703278692,0,0,1.0,2620.223732703186,0.0,0.0,1.0
891,2806.2134224304036,0,0,1.0,2620.0223148772775,0.0,0.0,1.0
892,2567.9022597497124,0,0,1.0,2605.543371179293,0.0,0.0,1.0
893,2263.638329958946,0,0,1.0,2577.3486774537646,0.0,0.0,1.0
894,2545.89892634039,0,0,1.0,2592.865494881381,0.0,0.0,1.0
895,2478.3223664820034,0,0,1.0,2569.019070422365,0.0,0.0,1.0
896,2340.4500547204866,0,0,1.0,2551.1385378978284,0.0,0.0,1.0
897,2475.3095652012894,0,0,1.0,2512.4955013339686,0.0,0.0,1.0
898,2755.5232896936236,0,0,1.0,2551.1147170389536,0.0,0.0,1.0
899,2339.3365494544637,0,0,1.0,2542.794146731001,0.0,0.0,1.0
900,2634.143560842572,0,0,1.0,2520.6738324873886,0.0,0.0,1.0
901,2589.768146209748,0,0,1.0,2499.0293048653234,0.0,0.0,1.0
902,2990.2211845432644,0,0,1.0,2541.2611973446783,0.0,0.0,1.0
903,2834.085611897757,0,0,1.0,2598.3059255385597,0.0,0.0,1.0
904,2660.3476667108985,0,0,1.0,2609.7507995756105,0.0,0.0,1.0
905,2937.461008081184,0,0,1.0,2655.664663735529,0.0,0.0,1.0
906,2904.2301979192066,0,0,1.0,2712.0426780554008,0.0,0.0,1.0
907,2282.1040666181048,0,0,1.0,2692.722128197082,0.0,0.0,1.0
908,2772.243797439429,0,0,1.0,2694.3941789716628,0.0,0.0,1.0
909,2514.4075043736266,0,0,1.0,2711.9012744635793,0.0,0.0,1.0
910,2522.896332628298,0,0,1.0,2700.776551642152,0.0,0.0,1.0
911,2328.950191271171,0,0,1.0,2674.694756148294,0.0,0.0,1.0
912,2669.80175658569,0,0,1.0,2642.652813352536,0.0,0.0,1.0
913,2676.823904793854,0,0,1.0,2626.9266426421464,0.0,0.0,1.0
914,2517.8737176168597,0,0,1.0,2612.679247732742,0.0,0.0,1.0
915,2730.0959869573426,0,0,1.0,2591.942745620358,0.0,0.0,1.0
916,2747.0137022597046,0,0,1.0,2576.221096054408,0.0,0.0,1.0
917,2603.462148317084,0,0,1.0,2608.356904224306,0.0,0.0,1.0
918,2560.825929773766,0,0,1.0,2587.21511745774,0.0,0.0,1.0
919,2446.208859388001,0,0,1.0,2580.3952529591775,0.0,0.0,1.0
920,2449.5070172734972,0,0,1.0,2573.0563214236963,0.0,0.0,1.0
921,2710.010508489236,0,0,1.0,2611.1623531455034,0.0,0.0,1.0
922,2598.618698564174,0,0,1.0,2604.0440473433514,0.0,0.0,1.0
923,2840.8249810583475,0,0,1.0,2620.4441549698013,0.0,0.0,1.0
924,2735.868731030778,0,0,1.0,2642.243656311193,0.0,0.0,1.0
925,2533.597447519318,0,0,1.0,2622.5938023673907,0.0,0.0,1.0
926,2536.5814960186985,0,0,1.0,2601.55058174329,0.0,0.0,1.0
927,2678.2526524620775,0,0,1.0,2609.0296321577894,0.0,0.0,1.0
928,2831.662665408547,0,0,1.0,2636.1133057212674,0.0,0.0,1.0
929,2724.2495564883093,0,0,1.0,2663.9173754312988,0.0,0.0,1.0
930,2516.167583258824,0,0,1.0,2670.583432029831,0.0,0.0,1.0
931,2486.928691215119,0,0,1.0,2648.2752503024194,0.0,0.0,1.0
932,2703.0125396709254,0,0,1.0,2658.7146344130942,0.0,0.0,1.0
933,2418.555518237176,0,0,1.0,2616.4876881309774,0.0,0.0,1.0
934,2601.5322394153363,0,0,1.0,2603.0540389694333,0.0,0.0,1.0
935,2496.0988872984176,0,0,1.0,2599.304182947343,0.0,0.0,1.0
936,2503.2518213124417,0,0,1.0,2595.9712154767176,0.0,0.0,1.0
937,2593.154202529849,0,0,1.0,2587.4613704834946,0.0,0.0,1.0
938,2641.870228704938,0,0,1.0,2568.4821268131336,0.0,0.0,1.0
939,2656.3319581134,0,0,1.0,2561.690366975642,0.0,0.0,1.0
940,2755.9576275348218,0,0,1.0,2585.669371403243,0.0,0.0,1.0
941,2901.1164561081805,0,0,1.0,2627.088147892549,0.0,0.0,1.0
942,2808.574320503968,0,0,1.0,2637.6443259758535,0.0,0.0,1.0
943,2465.126637091661,0,0,1.0,2642.3014378613016,0.0,0.0,1.0
944,2570.7920343613696,0,0,1.0,2639.2274173559044,0.0,0.0,1.0
945,2842.3270497989133,0,0,1.0,2673.8502336059546,0.0,0.0,1.0
946,2544.2198427869735,0,0,1.0,2677.9470357534074,0.0,0.0,1.0
947,2757.0097881383435,0,0,1.0,2694.332594314257,0.0,0.0,1.0
948,2646.030086733821,0,0,1.0,2694.748580117145,0.0,0.0,1.0
949,2411.7250668171396,0,0,1.0,2670.2878909875194,0.0,0.0,1.0
950,2866.6410473921123,0,0,1.0,2681.3562329732486,0.0,0.0,1.0
951,2946.6553779875912,0,0,1.0,2685.910125161189,0.0,0.0,1.0
952,2789.768493498477,0,0,1.0,2684.02954246064,0.0,0.0,1.0
953,2704.479449827507,0,0,1.0,2707.964823734225,0.0,0.0,1.0
954,2744.195962138452,0,0,1.0,2725.305216511933,0.0,0.0,1.0
955,2584.6906697893687,0,0,1.0,2699.5415785109785,0.0,0.0,1.0
956,2339.4103542091484,0,0,1.0,2679.060629653196,0.0,0.0,1.0
957,2307.4663540221873,0,0,1.0,2634.1062862415806,0.0,0.0,1.0
958,2626.9968301284553,0,0,1.0,2632.2029605810435,0.0,0.0,1.0
959,2524.047721725401,0,0,1.0,2643.4352260718697,0.0,0.0,1.0
960,3016.9557062135964,0,0,1.0,2658.4666919540186,0.0,0.0,1.0
961,2405.150642673811,0,0,1.0,2604.3162184226403,0.0,0.0,1.0
962,2672.5471024916524,0,0,1.0,2592.594079321958,0.0,0.0,1.0
963,2574.997109520367,0,0,1.0,2579.645845291244,0.0,0.0,1.0
964,2372.8302650881656,0,0,1.0,2542.5092755862156,0.0,0.0,1.0
965,2775.5311888479564,0,0,1.0,2561.593327492074,0.0,0.0,1.0
966,2644.5786361298283,0,0,1.0,2592.110155684142,0.0,0.0,1.0
967,2537.5734058597536,0,0,1.0,2615.1208608678985,0.0,0.0,1.0
968,2609.135398864646,0,0,1.0,2613.3347177415176,0.0,0.0,1.0
969,2459.3302254555133,0,0,1.0,2606.862968114529,0.0,0.0,1.0
970,2677.6993505778496,0,0,1.0,2572.937332550954,0.0,0.0,1.0
971,2727.636741350614,0,0,1.0,2605.1859424186346,0.0,0.0,1.0
972,2967.606366683881,0,0,1.0,2634.6918688378573,0.0,0.0,1.0
973,2394.319096845444,0,0,1.0,2616.6240675703652,0.0,0.0,1.0
974,2620.508082561514,0,0,1.0,2641.3918493177,0.0,0.0,1.0
975,2436.5338263781787,0,0,1.0,2607.492113070722,0.0,0.0,1.0
976,2596.2717101597914,0,0,1.0,2602.6614204737184,0.0,0.0,1.0
977,2305.424437580804,0,0,1.0,2579.446523645824,0.0,0.0,1.0
978,2545.454979265767,0,0,1.0,2573.078481685936,0.0,0.0,1.0
979,2266.146028004365,0,0,1.0,2553.760061940821,0.0,0.0,1.0
980,2169.386308187764,0,0,1.0,2502.928757701812,0.0,0.0,1.0
981,2720.4343543289015,0,0,1.0,2502.208518999641,0.0,0.0,1.0
982,2531.0377614007907,0,0,1.0,2458.5516584713323,0.0,0.0,1.0
983,2916.34663633334,0,0,1.0,2510.7544124201218,0.0,0.0,1.0
984,2916.744465211988,0,0,1.0,2540.378050685169,0.0,0.0,1.0
985,2586.2094900939046,0,0,1.0,2555.3456170567415,0.0,0.0,1.0
986,2277.793379372837,0,0,1.0,2523.4977839780463,0.0,0.0,1.0
987,2706.967307142004,0,0,1.0,2563.652070934166,0.0,0.0,1.0
988,2642.2811813497965,0,0,1.0,2573.334691142569,0.0,0.0,1.0
989,2808.209663198663,0,0,1.0,2627.541054661999,0.0,0.0,1.0
990,2616.7751218533585,0,0,1.0,2672.2799360285585,0.0,0.0,1.0
991,2508.0799817938746,0,0,1.0,2651.044498775056,0.0,0.0,1.0
992,2300.1485563890838,0,0,1.0,2627.955578273885,0.0,0.0,1.0
993,2807.941441891701,0,0,1.0,2617.1150588297214,0.0,0.0,1.0
994,2555.005519732802,0,0,1.0,2580.9411642818027,0.0,0.0,1.0
995,2693.112301005532,0,0,1.0,2591.6314453729656,0.0,0.0,1.0
996,2731.0149576242807,0,0,1.0,2636.9536031981092,0.0,0.0,1.0
997,2603.682134947882,0,0,1.0,2626.6250859786974,0.0,0.0,1.0
998,2598.41815588124,0,0,1.0,2622.238783431842,0.0,0.0,1.0
999,2572.9170627024196,0,0,1.0,2598.7095233822174,0.0,0.0,1.0
1000,2513.769489355963,0,0,1.0,2588.408960132478,0.0,0.0,1.0
